id,contact_id,location_id,organization_id,service_id,number,extension,department,number_type,vanity_number,country_prefix
616544,,50664374,,,410-486-8650,,,Main,,
616544,,50664375,,,410-486-8650,,,Main,,
168299,,55287572,,,,,,,,
168299,,55291286,,,,,,,,
167244,,55291290,,,,,,,,
167495,,55291296,,,,,,,,
166968,,55291323,,,,,,,,
166968,,55291320,,,,,,,,
167644,,55291317,,,,,,,,
167494,,55291301,,,,,,,,
168443,,58285903,,,,,,,,
167048,,55291329,,,,,,,,
168011,,55291331,,,,,,,,
167970,,55291334,,,,,,,,
167832,,55291337,,,,,,,,
167832,,55291339,,,,,,,,
167094,,55291341,,,,,,,,
167094,,55291345,,,,,,,,
168046,,55291347,,,,,,,,
167809,,55291354,,,,,,,,
167693,,55291352,,,,,,,,
168612,,55291350,,,,,,,,
167226,,55291357,,,,,,,,
169142,,55291360,,,,,,,,
201133,,55291362,,,,,,,,
167043,,55291366,,,,,,,,
167922,,55291368,,,,,,,,
401849,,55289963,,,,,,,,
168443,,55291384,,,,,,,,
168521,,55291382,,,,,,,,
168396,,55291386,,,,,,,,
167210,,55291393,,,,,,,,
168523,,55291396,,,,,,,,
168722,,55291398,,,,,,,,
168538,,55291400,,,,,,,,
0,,168632,,,410-385-2910,,,Main,,
168443,,55291412,,,,,,,,
168443,,55291409,,,,,,,,
168443,,55291407,,,410-396-9994,,,Main,,
168443,,55291404,,,,,,,,
201133,,55291417,,,,,,,,
201133,,55291415,,,,,,,,
168575,,55291425,,,,,,,,
167827,,55291428,,,,,,,,
167827,,55291431,,,,,,,,
260285,,55291433,,,,,,,,
167308,,55291436,,,,,,,,
167524,,55291443,,,,,,,,
167524,,55291446,,,,,,,,
167521,,55291449,,,,,,,,
167034,,55291455,,,,,,,,
167034,,55291452,,,,,,,,
167513,,55291458,,,,,,,,
168577,,55289969,,,,,,,,
167390,,55291464,,,,,,,,
168248,,55291470,,,,,,,,
167048,,55291476,,,,,,,,
168626,,55291488,,,,,,,,
168313,,55291493,,,,,,,,
44865489,,55291496,,,,,,,,
182559,,55291498,,,,,,,,
1294078,,55291502,,,,,,,,
1739551,,55291508,,,,,,,,
167227,,55291511,,,,,,,,
167922,,55291514,,,,,,,,
26878053,,55291516,,,,,,,,
167513,,55291521,,,,,,,,
167496,,55291527,,,,,,,,
167496,,55291524,,,,,,,,
201133,,55291530,,,,,,,,
168212,,55291532,,,,,,,,
167360,,55291537,,,,,,,,
168875,,55291542,,,,,,,,
169144,,55291547,,,,,,,,
169144,,55291545,,,,,,,,
168474,,55291550,,,,,,,,
167148,,55291553,,,,,,,,
169014,,55291555,,,,,,,,
167383,,55291561,,,,,,,,
167032,,55291567,,,,,,,,
167675,,55291570,,,,,,,,
167766,,55291573,,,,,,,,
167148,,55291576,,,,,,,,
167923,,55291582,,,,,,,,
168862,,55291588,,,,,,,,
168862,,55291590,,,,,,,,
358097,,55291604,,,,,,,,
166954,,55291609,,,,,,,,
168054,,55291612,,,,,,,,
167880,,55291618,,,,,,,,
167050,,55291624,,,,,,,,
167050,,55291627,,,,,,,,
167766,,55291629,,,,,,,,
167827,,55291640,,,,,,,,
167827,,55291638,,,,,,,,
167827,,55291635,,,,,,,,
167827,,55291631,,,,,,,,
167244,,55291642,,,,,,,,
167574,,55291647,,,,,,,,
23505117,,55291658,,,,,,,,
168639,,55291661,,,,,,,,
167723,,55289972,,,,,,,,
11920917,,55289975,,,,,,,,
168632,,55291668,,,,,,,,
167941,,55291671,,,,,,,,
167047,,55291676,,,,,,,,
167941,,55291674,,,,,,,,
168048,,55291679,,,,,,,,
24418029,,55291682,,,,,,,,
167524,,55291684,,,,,,,,
168402,,55291688,,,,,,,,
8892260,,55291692,,,,,,,,
1830800,,55291695,,,,,,,,
167045,,55291698,,,,,,,,
167045,,55291704,,,,,,,,
167045,,55291701,,,,,,,,
167045,,55291706,,,,,,,,
9061262,,55291709,,,,,,,,
167042,,55291714,,,,,,,,
167042,,55291712,,,,,,,,
167827,,55291718,,,,,,,,
167069,,55291720,,,,,,,,
219399,,55291722,,,,,,,,
167762,,55291727,,,,,,,,
168455,,55291731,,,,,,,,
168486,,55291733,,,,,,,,
168486,,55291738,,,,,,,,
167524,,55291390,,,410-396-7607,,,Main,,
168600,,55291744,,,,,,,,
167883,,55291746,,,,,,,,
167883,,55291749,,,,,,,,
167511,,55291752,,,,,,,,
167438,,55291758,,,,,,,,
167690,,55291761,,,,,,,,
168394,,55291763,,,,,,,,
167718,,55291773,,,,,,,,
167514,,55291775,,,,,,,,
168362,,55291778,,,,,,,,
168401,,55291784,,,,,,,,
167825,,55291789,,,,,,,,
167641,,55291791,,,,,,,,
169021,,55291794,,,,,,,,
167531,,55291802,,,,,,,,
168435,,55291806,,,,,,,,
167079,,55291808,,,,,,,,
168095,,55291811,,,,,,,,
167715,,55291815,,,,,,,,
168079,,55289979,,,,,,,,
167394,,55291826,,,,,,,,
167394,,55291823,,,,,,,,
167485,,55291836,,,,,,,,
203786,,55291839,,,,,,,,
167485,,55291845,,,,,,,,
167497,,55291842,,,,,,,,
168656,,55291856,,,,,,,,
188179,,55291853,,,,,,,,
167485,,55291850,,,,,,,,
2698485,,55291858,,,,,,,,
167784,,55291862,,,,,,,,
167736,,55291864,,,,,,,,
167102,,55291872,,,,,,,,
167102,,55291870,,,,,,,,
167102,,55291875,,,,,,,,
168191,,55291877,,,,,,,,
168191,,55291883,,,,,,,,
168191,,55291880,,,,,,,,
168191,,55291893,,,,,,,,
168191,,55291891,,,,,,,,
168191,,55291888,,,,,,,,
168191,,55291885,,,,,,,,
168191,,55291899,,,,,,,,
168191,,55291896,,,,,,,,
168523,,55291905,,,,,,,,
28766236,,55291908,,,,,,,,
167784,,55291915,,,,,,,,
167784,,55291912,,,,,,,,
168751,,55289982,,,,,,,,
167524,,55291920,,,,,,,,
167784,,55291923,,,,,,,,
168443,,55291925,,,,,,,,
167346,,55291929,,,,,,,,
167045,,55291934,,,,,,,,
167045,,55291931,,,,,,,,
168355,,55291937,,,,,,,,
167737,,55291940,,,,,,,,
167766,,55291944,,,,,,,,
167091,,55291949,,,,,,,,
167791,,55291961,,,,,,,,
167900,,55291969,,,,,,,,
167900,,55291971,,,,,,,,
167048,,55291974,,,,,,,,
166957,,55291977,,,,,,,,
31463215,,55291982,,,,,,,,
167148,,55291988,,,,,,,,
167766,,55291985,,,,,,,,
168877,,55291990,,,,,,,,
169001,,55291993,,,,,,,,
169051,,55291996,,,,,,,,
168387,,55292000,,,,,,,,
167904,,55292003,,,,,,,,
12477699,,55292017,,,,,,,,
167605,,55292022,,,,,,,,
167605,,55292020,,,,,,,,
169149,,55292025,,,,,,,,
167245,,55292036,,,,,,,,
167245,,55292040,,,,,,,,
167271,,55292042,,,,,,,,
167474,,55292044,,,,,,,,
167827,,55292048,,,,,,,,
169096,,55292050,,,,,,,,
168715,,55292056,,,,,,,,
167435,,55292059,,,,,,,,
54843697,,55291781,,,410-545-0136,,,Main,,
374366,,55292082,,,,,,,,
167480,,55292089,,,,,,,,
168259,,55292086,,,,,,,,
168881,,55292100,,,,,,,,
167442,,55292093,,,,,,,,
167494,,55292130,,,,,,,,
168080,,58121265,,,,,,,,
56755788,,56938855,,,,,,,,
167697,,55292132,,,,,,,,
166957,,55292138,,,,,,,,
166957,,55292135,,,,,,,,
167435,,55292141,,,,,,,,
167608,,55292146,,,,,,,,
167813,,55292163,,,,,,,,
167813,,55292154,,,,,,,,
167813,,55292151,,,,,,,,
358732,,55292148,,,,,,,,
358719,,55292170,,,,,,,,
167327,,55292166,,,,,,,,
167639,,55292173,,,,,,,,
168382,,55292176,,,,,,,,
169023,,55289986,,,,,,,,
167470,,55292180,,,,,,,,
167048,,55292183,,,,,,,,
168524,,55292186,,,,,,,,
204262,,55292189,,,,,,,,
12830652,,55292195,,,,,,,,
56406496,,56406500,,,443-438-6742,,,Main,,
167044,,55292206,,,,,,,,
167902,,55292209,,,,,,,,
168676,,55292215,,,,,,,,
167262,,55289990,,,,,,,,
167471,,55292218,,,,,,,,
168671,,55292221,,,,,,,,
38339526,,55292231,,,,,,,,
168399,,55292235,,,,,,,,
168752,,55292238,,,,,,,,
368000,,55292242,,,,,,,,
167049,,55292248,,,,,,,,
167049,,55292245,,,,,,,,
167049,,55292254,,,,,,,,
167049,,55292250,,,,,,,,
167566,,55292257,,,,,,,,
37337784,,55292260,,,,,,,,
168443,,55292263,,,,,,,,
167585,,55292265,,,,,,,,
168140,,55292270,,,,,,,,
167513,,55292272,,,,,,,,
39378823,,55292278,,,,,,,,
167045,,55292284,,,,,,,,
167882,,55292289,,,,,,,,
167495,,55293144,,, 443-378-4600,,,Main,,
167094,,55292291,,,,,,,,
167382,,55292299,,,,,,,,
167094,,55292295,,,,,,,,
167094,,55292293,,,,,,,,
259792,,55292304,,,,,,,,
166991,,55292309,,,,,,,,
166991,,55292307,,,,,,,,
167187,,55292312,,,,,,,,
201133,,55289993,,,,,,,,
167922,,55292316,,,,,,,,
167494,,55292322,,,,,,,,
167953,,55292320,,,,,,,,
168126,,55292326,,,,,,,,
167042,,55292329,,,,,,,,
168653,,55292339,,,,,,,,
167521,,55292337,,,,,,,,
167392,,55292334,,,,,,,,
182028,,55292445,,,443-692-9487,,,Main,,
34283650,,55292345,,,,,,,,
167643,,55292348,,,,,,,,
167494,,55292350,,,,,,,,
167494,,55292363,,,,,,,,
167494,,55292358,,,,,,,,
167494,,55292372,,,,,,,,
167494,,55292369,,,,,,,,
167494,,55292366,,,,,,,,
167882,,55292375,,,,,,,,
167832,,55292391,,,,,,,,
167392,,55292388,,,,,,,,
167832,,55292384,,,,,,,,
166962,,55292394,,,,,,,,
166962,,55292396,,,,,,,,
56406555,,56406557,,,410-878-7131,,,Main,,
168443,,55292402,,,,,,,,
167813,,55292404,,,,,,,,
167663,,55292407,,,,,,,,
168598,,55292412,,,,,,,,
1741086,,55292414,,,,,,,,
167578,,55292420,,,,,,,,
616558,,55292423,,,,,,,,
167599,,55292425,,,,,,,,
168443,,55292429,,,,,,,,
167281,,55292432,,,,,,,,
616562,,55292435,,,,,,,,
169080,,55292440,,,,,,,,
169061,,55292442,,,,,,,,
169061,,55289415,,,,,,,,
166992,,55292447,,,,,,,,
182028,,55292450,,,,,,,,
167068,,55292458,,,,,,,,
182683,,55292460,,,,,,,,
168350,,55292465,,,,,,,,
168616,,55290002,,,,,,,,
167461,,55292467,,,,,,,,
167249,,55292470,,,,,,,,
168585,,55292473,,,,,,,,
167827,,55292475,,,,,,,,
167828,,55292478,,,,,,,,
168581,,55292481,,,,,,,,
167498,,55292483,,,,,,,,
167827,,55292489,,,,,,,,
168516,,55290005,,,,,,,,
168508,,55292492,,,,,,,,
167400,,55292508,,,,,,,,
167400,,55292505,,,,,,,,
167400,,55292502,,,,,,,,
167400,,55292499,,,,,,,,
167400,,55292496,,,,,,,,
358851,,55292513,,,,,,,,
168649,,55292518,,,,,,,,
168649,,55292516,,,,,,,,
167524,,56074995,,,410-396-6435,,,Main,,
167048,,55292520,,,,,,,,
168223,,55292523,,,,,,,,
167792,,55292531,,,,,,,,
167345,,55292533,,,,,,,,
168583,,55292535,,,,,,,,
168270,,55292539,,,,,,,,
168557,,55292551,,,,,,,,
168557,,55292542,,,,,,,,
167049,,55292554,,,,,,,,
167739,,55292557,,,,,,,,
167148,,55292560,,,,,,,,
169074,,55292563,,,,,,,,
167882,,55292569,,,,,,,,
169036,,55292566,,,,,,,,
168580,,55292572,,,,,,,,
167513,,55292575,,,,,,,,
167519,,55292581,,,,,,,,
167839,,55292578,,,,,,,,
167524,,56074979,,,,,,,,
169071,,55292584,,,,,,,,
168436,,55292589,,,,,,,,
167766,,55292599,,,,,,,,
168641,,55292596,,,,,,,,
9693892,,55292606,,,,,,,,
167064,,55292609,,,,,,,,
166983,,55292611,,,,,,,,
17174779,,55292614,,,,,,,,
167784,,55292617,,,,,,,,
167784,,55292623,,,,,,,,
167524,,55292625,,,,,,,,
168736,,55292628,,,,,,,,
168736,,55292631,,,,,,,,
167094,,55292634,,,,,,,,
167094,,55292637,,,,,,,,
167705,,55292639,,,,,,,,
167705,,55292645,,,,,,,,
167705,,55292642,,,,,,,,
167705,,55292648,,,,,,,,
167735,,55292651,,,,,,,,
167227,,55292657,,,,,,,,
168412,,55292659,,,,,,,,
168423,,55292665,,,,,,,,
167724,,55292667,,,,,,,,
168241,,55292679,,,,,,,,
168241,,55292673,,,,,,,,
168241,,55292676,,,,,,,,
167766,,55292681,,,,,,,,
35553872,,55292683,,,,,,,,
219399,,55292686,,,,,,,,
167460,,55292690,,,,,,,,
168235,,55292693,,,,,,,,
167003,,55292695,,,,,,,,
167524,,55292698,,,,,,,,
167784,,55292700,,,,,,,,
168601,,55292703,,,,,,,,
167163,,55292707,,,,,,,,
12277601,,55292712,,,,,,,,
167610,,55292719,,,,,,,,
167610,,55292722,,,,,,,,
167495,,56061140,,,443-423-6300,,,Main,,
169112,,55292725,,,,,,,,
166985,,55292730,,,,,,,,
167569,,55292733,,,,,,,,
1110733,,55292738,,,,,,,,
167774,,55292741,,,,,,,,
203444,,55292749,,,,,,,,
203444,,55292745,,,,,,,,
167645,,55292751,,,,,,,,
10117122,,55292755,,,,,,,,
167338,,55292758,,,,,,,,
168444,,55292762,,,,,,,,
167590,,55292764,,,,,,,,
167094,,55292770,,,,,,,,
167094,,55292776,,,,,,,,
167882,,55292773,,,,,,,,
167150,,55292780,,,,,,,,
167039,,55292786,,,,,,,,
167806,,55292789,,,,,,,,
167148,,55292793,,,,,,,,
167148,,55292804,,,,,,,,
167148,,55292801,,,,,,,,
204343,,55292799,,,,,,,,
203599,,55292796,,,,,,,,
167148,,55292807,,,,,,,,
167766,,55292810,,,,,,,,
168186,,55292815,,,,,,,,
167733,,55292821,,,,,,,,
168607,,55292830,,,,,,,,
168607,,55292827,,,,,,,,
167260,,55290008,,,,,,,,
167297,,55292834,,,,,,,,
167506,,55292836,,,,,,,,
167042,,55292847,,,,,,,,
167513,,55292850,,,,,,,,
8891969,,55292839,,,,,,,,
168523,,55292853,,,,,,,,
168943,,55292862,,,,,,,,
168943,,55292865,,,,,,,,
167675,,55292868,,,,,,,,
167675,,55292871,,,,,,,,
168571,,55292874,,,,,,,,
168571,,55292877,,,,,,,,
168571,,55292879,,,,,,,,
168571,,55292882,,,,,,,,
166955,,55292884,,,,,,,,
167042,,55292888,,,,,,,,
219272,,55292892,,,,,,,,
168335,,55292896,,,,,,,,
367693,,55292899,,,,,,,,
168679,,55292906,,,,,,,,
168679,,55292903,,,,,,,,
167975,,55292901,,,,,,,,
168337,,55292909,,,,,,,,
167699,,55292911,,,,,,,,
35281678,,55292913,,,,,,,,
56406588,,56407159,,,410-466-8298,,,Main,,
168063,,55292921,,,,,,,,
169071,,55292924,,,,,,,,
167827,,55292927,,,,,,,,
55059188,,55292930,,,,,,,,
56406505,,56406514,,,443-872-2230,,,Main,,
167039,,55292935,,,,,,,,
167039,,55292932,,,,,,,,
167072,,55292938,,,,,,,,
167495,,56061087,,,443-423-6400,,,Main,,
167148,,55292940,,,,,,,,
182028,,55292944,,,,,,,,
169150,,55292949,,,,,,,,
169150,,55292952,,,,,,,,
167827,,55292955,,,,,,,,
167048,,55292957,,,,,,,,
167244,,55292959,,,,,,,,
1830710,,55292963,,,,,,,,
168443,,55292965,,,,,,,,
1786020,,55293254,,,,,,,,
167659,,55292967,,,,,,,,
167044,,55292973,,,,,,,,
167524,,55292977,,,,,,,,
167494,,55292983,,,,,,,,
168126,,55292979,,,,,,,,
169047,,55292985,,,,,,,,
167865,,55292989,,,,,,,,
167513,,55292993,,,,,,,,
167045,,55292996,,,,,,,,
167045,,55292999,,,,,,,,
167265,,55293010,,,,,,,,
167265,,55293013,,,,,,,,
168379,,55293018,,,,,,,,
203844,,55293020,,,,,,,,
167717,,55293023,,,,,,,,
168443,,55293029,,,,,,,,
174293,,55293059,,,,,,,,
167915,,55293065,,,,,,,,
174293,,55293063,,,,,,,,
168900,,55293082,,,,,,,,
168463,,55293079,,,,,,,,
168463,,55293076,,,,,,,,
168463,,55293072,,,,,,,,
167915,,55293068,,,,,,,,
358497,,55293087,,,,,,,,
36814220,,55293094,,,,,,,,
167832,,55293096,,,,,,,,
167247,,55293112,,,,,,,,
167520,,55293110,,,,,,,,
167537,,55293107,,,,,,,,
167833,,55293104,,,,,,,,
167804,,55293102,,,,,,,,
167226,,55293099,,,,,,,,
167094,,55293126,,,,,,,,
167495,,55293128,,,,,,,,
167064,,55293146,,,,,,,,
204007,,55293149,,,,,,,,
167717,,55293152,,,,,,,,
167198,,55293157,,,,,,,,
167345,,55293166,,,,,,,,
3373846,,55293168,,,,,,,,
167148,,55293171,,,,,,,,
358099,,55293175,,,,,,,,
167859,,55293178,,,,,,,,
167433,,55293180,,,,,,,,
167729,,55293183,,,,,,,,
167922,,55293185,,,,,,,,
167920,,55293194,,,,,,,,
167552,,55293196,,,,,,,,
168728,,55293199,,,,,,,,
168085,,55293202,,,,,,,,
167508,,55293205,,,,,,,,
167071,,55293207,,,,,,,,
167731,,55293214,,,,,,,,
167123,,55293216,,,,,,,,
167148,,55293222,,,,,,,,
167148,,55293227,,,,,,,,
1740613,,55293229,,,,,,,,
9789514,,55293231,,,,,,,,
10562264,,55290015,,,,,,,,
167774,,55293237,,,,,,,,
167601,,55293235,,,,,,,,
169084,,55293240,,,,,,,,
15044791,,55293243,,,,,,,,
41274411,,55293245,,,,,,,,
167092,,55293248,,,,,,,,
167193,,55293251,,,,,,,,
167217,,55293259,,,,,,,,
167197,,55293256,,,,,,,,
167459,,55293262,,,,,,,,
374389,,55293265,,,,,,,,
54843697,,55293268,,,,,,,,
168324,,55293271,,,,,,,,
167860,,55293274,,,,,,,,
167766,,55293282,,,,,,,,
167766,,55293285,,,,,,,,
167361,,55293290,,,,,,,,
167361,,55293298,,,,,,,,
167361,,55293296,,,,,,,,
167361,,55293293,,,,,,,,
167532,,55293301,,,,,,,,
167344,,55293310,,,,,,,,
167344,,55293308,,,,,,,,
167344,,55293305,,,,,,,,
167245,,55293315,,,,,,,,
167353,,55293318,,,,,,,,
167509,,55293320,,,,,,,,
167657,,55293322,,,,,,,,
167900,,55293325,,,,,,,,
168361,,55293330,,,,,,,,
167212,,55290019,,,,,,,,
168741,,55290026,,,,,,,,
38359492,,55293332,,,,,,,,
212342,,55293336,,,,,,,,
168429,,55293340,,,,,,,,
166990,,55293348,,,,,,,,
167084,,55293344,,,,,,,,
219213,,55293350,,,,,,,,
167639,,55293352,,,,,,,,
167639,,55293354,,,,,,,,
168425,,55293357,,,,,,,,
9219438,,55293360,,,,,,,,
167054,,55293362,,,,,,,,
167064,,55293365,,,,,,,,
167307,,55293368,,,,,,,,
169052,,55293376,,,,,,,,
169052,,55293374,,,,,,,,
168062,,55293378,,,,,,,,
167483,,55293381,,,,,,,,
168694,,55293384,,,,,,,,
167400,,55293392,,,,,,,,
167400,,55293394,,,,,,,,
167552,,55293402,,,,,,,,
167766,,55293404,,,,,,,,
167063,,55293412,,,,,,,,
167520,,55293414,,,,,,,,
6941139,,55293417,,,,,,,,
167520,,55293420,,,,,,,,
167882,,55290030,,,,,,,,
168431,,55293422,,,,,,,,
203791,,55293425,,,,,,,,
271139,,55293428,,,,,,,,
401426,,55293439,,,,,,,,
401426,,55293431,,,,,,,,
168253,,55293445,,,,,,,,
167758,,55293448,,,,,,,,
368000,,55293458,,,,,,,,
54843697,,55293461,,,,,,,,
17175009,,55293469,,,,,,,,
168436,,55293466,,,,,,,,
169035,,55293471,,,,,,,,
167069,,55293473,,,,,,,,
167347,,55293479,,,,,,,,
167276,,55293483,,,,,,,,
167508,,55293487,,,,,,,,
167492,,55293493,,,,,,,,
167503,,55293495,,,,,,,,
168029,,55293497,,,,,,,,
167435,,55293499,,,,,,,,
167766,,55293502,,,,,,,,
167391,,55293508,,,,,,,,
168683,,55293520,,,,,,,,
167601,,55293525,,,,,,,,
167601,,55293522,,,,,,,,
260072,,55293528,,,,,,,,
167513,,55293532,,,,,,,,
168443,,55293539,,,,,,,,
168443,,55293536,,,,,,,,
167210,,55293565,,,,,,,,
168443,,55293562,,,,,,,,
167042,,55293559,,,,,,,,
169139,,55293557,,,410-396-5550,,,Main,,
167210,,55293555,,,,,,,,
167210,,55293552,,,,,,,,
167210,,55293549,,,,,,,,
167210,,55293547,,,,,,,,
168463,,55293545,,,,,,,,
168443,,55293541,,,,,,,,
168443,,55293570,,,,,,,,
167856,,55293573,,,,,,,,
358869,,55293576,,,,,,,,
169001,,55293579,,,,,,,,
168751,,55293582,,,,,,,,
167243,,55293584,,,,,,,,
167561,,55293587,,,,,,,,
167382,,55293589,,,,,,,,
56406541,,56408045,,,443-449-5975,,,Main,,
167048,,55293595,,,,,,,,
167075,,55293603,,,,,,,,
167075,,55293615,,,,,,,,
167075,,55293612,,,,,,,,
167075,,55293609,,,,,,,,
167075,,55293606,,,,,,,,
55823100,,57231713,,,410-617-0142,,,Main,,
167148,,55293618,,,,,,,,
167365,,55293627,,,,,,,,
167194,,55293641,,,,,,,,
167194,,55293638,,,,,,,,
167194,,55293643,,,,,,,,
167287,,55293646,,,,,,,,
167281,,55293649,,,,,,,,
219399,,55293651,,,,,,,,
167478,,55293654,,,,,,,,
166972,,55293663,,,,,,,,
53488803,,55293665,,,,,,,,
167052,,55290034,,,,,,,,
168485,,55293673,,,,,,,,
31463212,,55293676,,,,,,,,
174272,,55293679,,,,,,,,
167882,,55293682,,,,,,,,
167365,,55293685,,,,,,,,
167827,,55293688,,,,,,,,
167494,,55293690,,,,,,,,
168674,,55293696,,,,,,,,
168674,,55293698,,,,,,,,
56363924,,56407395,,,443-676-7695,,,Main,,
167287,,55293705,,,,,,,,
167287,,55293713,,,,,,,,
167287,,55293708,,,,,,,,
29426582,,55293716,,,,,,,,
201551,,55293721,,,,,,,,
201551,,55290037,,,,,,,,
27851469,,55293727,,,,,,,,
167304,,55293729,,,,,,,,
166995,,55293737,,,,,,,,
166995,,55293735,,,,,,,,
166995,,55293745,,,,,,,,
166995,,55293742,,,,,,,,
166995,,55293740,,,,,,,,
167563,,55293750,,,,,,,,
167341,,55293753,,,,,,,,
167183,,55293756,,,,,,,,
167183,,55293758,,,,,,,,
182028,,55293761,,,,,,,,
168498,,55293764,,,,,,,,
167434,,55293771,,,,,,,,
167434,,55293776,,,,,,,,
167434,,55293774,,,,,,,,
167434,,55293785,,,,,,,,
167434,,55293783,,,,,,,,
167434,,55293780,,,,,,,,
167048,,55293791,,,,,,,,
167048,,55293793,,,,,,,,
167458,,55293795,,,,,,,,
167494,,55293801,,,,,,,,
167496,,55293799,,,,,,,,
167495,,56061106,,,443-423-6300,,,Main,,
168747,,55293807,,,,,,,,
1739551,,55293813,,,,,,,,
167045,,55293819,,,,,,,,
168299,,55293815,,,,,,,,
219399,,55293825,,,,,,,,
167081,,55293827,,,,,,,,
3629791,,55293831,,,,,,,,
182563,,55293833,,,,,,,,
167070,,55293837,,,,,,,,
167062,,55293839,,,,,,,,
24322688,,55293843,,,,,,,,
168439,,55293846,,,,,,,,
167343,,55293854,,,,,,,,
167512,,55293861,,,,,,,,
169095,,55293867,,,,,,,,
168352,,55293869,,,,,,,,
168722,,55293872,,,,,,,,
167223,,55290039,,,,,,,,
167346,,55293878,,,,,,,,
167879,,55293880,,,,,,,,
42254217,,55293882,,,,,,,,
54843697,,55293886,,,,,,,,
167802,,55293890,,,,,,,,
167298,,55293892,,,,,,,,
167048,,55293894,,,,,,,,
54943247,,55293902,,,,,,,,
54943247,,55293900,,,,,,,,
167049,,55293904,,,,,,,,
167164,,55293906,,,,,,,,
167577,,55293908,,,,,,,,
167604,,55293910,,,,,,,,
616571,,55293912,,,,,,,,
29057295,,55293914,,,,,,,,
167616,,55290042,,,,,,,,
56406541,,56406544,,,410-744-8100,,,Main,,
56363983,,56364013,,,,,,,,
56662538,,56662549,,,443-759-8827,,,Main,,
167434,,55293918,,,,,,,,
167346,,55293920,,,,,,,,
168077,,55290046,,,,,,,,
260007,,55293926,,,,,,,,
168126,,55293928,,,,,,,,
167882,,55293932,,,,,,,,
167346,,55293934,,,,,,,,
167430,,55293940,,,,,,,,
167474,,55293942,,,,,,,,
168664,,55293944,,,,,,,,
167034,,55293946,,,,,,,,
56460361,,56460538,,,410-878-6404,,,Main,,
167048,,55293948,,,,,,,,
56406516,,56406527,,,410-254-4343,,,Main,,
168098,,55293950,,,,,,,,
168098,,55293956,,,,,,,,
168098,,55293952,,,,,,,,
168299,,55293960,,,,,,,,
167364,,55293966,,,,,,,,
167364,,55293968,,,,,,,,
168360,,55293970,,,,,,,,
167882,,55293972,,,,,,,,
167495,,56061124,,,443-423-6300,,,Main,,
54147319,,55293974,,,,,,,,
168328,,55293976,,,,,,,,
168418,,55293978,,,,,,,,
14982140,,55293980,,,,,,,,
167495,,55293982,,,,,,,,
167384,,55293984,,,,,,,,
167435,,55293986,,,,,,,,
7154751,,55293988,,,,,,,,
167473,,55293996,,,,,,,,
167473,,55294000,,,,,,,,
168442,,55294002,,,,,,,,
56481540,,56481585,,,410-574-0000,,,Main,,
167500,,55294004,,,,,,,,
167516,,55294008,,,,,,,,
167490,,55294014,,,,,,,,
167514,,55294012,,,,,,,,
167518,,55294010,,,,,,,,
167185,,55294018,,,,,,,,
1740990,,55294020,,,,,,,,
167435,,55294022,,,,,,,,
167435,,55294026,,,,,,,,
167435,,55294024,,,,,,,,
167435,,55294028,,,,,,,,
168033,,55294030,,,,,,,,
374398,,55294032,,,,,,,,
167922,,55294034,,,,,,,,
168722,,55294036,,,,,,,,
167277,,55294038,,,,,,,,
167277,,55294040,,,,,,,,
3171543,,55294044,,,,,,,,
3171543,,55294046,,,,,,,,
168428,,55294048,,,,,,,,
167148,,55294054,,,,,,,,
54843697,,55294050,,,,,,,,
168493,,55294056,,,,,,,,
168443,,55294060,,,,,,,,
169066,,55294064,,,,,,,,
2967177,,55294066,,,,,,,,
167148,,55294078,,,,,,,,
167148,,55294076,,,,,,,,
167718,,55294072,,,,,,,,
168443,,55294080,,,,,,,,
168443,,55294084,,,,,,,,
168443,,55294082,,,,,,,,
167049,,55294086,,,,,,,,
167882,,55294088,,,,,,,,
168640,,55294090,,,,,,,,
168571,,55294092,,,,,,,,
203809,,55294096,,,,,,,,
167590,,55294098,,,,,,,,
167717,,55294100,,,,,,,,
168749,,55294102,,,,,,,,
167672,,55294104,,,,,,,,
166989,,55294106,,,,,,,,
39970361,,55294108,,,,,,,,
167524,,56074987,,,,,,,,
167706,,55294112,,,,,,,,
167055,,55294114,,,,,,,,
167055,,55290049,,,,,,,,
167055,,55290058,,,,,,,,
167055,,55290055,,,,,,,,
167055,,55290068,,,,,,,,
167055,,55290066,,,,,,,,
167055,,55290064,,,,,,,,
167055,,55290060,,,,,,,,
167056,,55290108,,,,,,,,
167056,,55290104,,,,,,,,
167057,,55290097,,,,,,,,
167055,,55290091,,,,,,,,
167055,,55290088,,,,,,,,
167055,,55290084,,,,,,,,
167055,,55290078,,,,,,,,
167055,,55290074,,,,,,,,
167055,,55290163,,,,,,,,
167056,,55290155,,,,,,,,
167056,,55290152,,,,,,,,
167056,,55290143,,,,,,,,
167056,,55290140,,,,,,,,
167056,,55290136,,,,,,,,
167056,,55290129,,,,,,,,
167056,,55290125,,,,,,,,
167494,,55290121,,,,,,,,
167055,,55290114,,,,,,,,
167055,,55290112,,,,,,,,
616544,,55294120,,,,,,,,
219426,,55294122,,,,,,,,
167824,,55294124,,,,,,,,
167702,,55290166,,,,,,,,
168352,,55294126,,,,,,,,
167352,,55294128,,,,,,,,
167212,,55290169,,,,,,,,
169011,,55294130,,,,,,,,
27851383,,55294134,,,,,,,,
167826,,55294136,,,,,,,,
260063,,55294138,,,,,,,,
167352,,55294140,,,,,,,,
167494,,55294142,,,,,,,,
168754,,55294146,,,,,,,,
168754,,55294144,,,,,,,,
168754,,55294148,,,,,,,,
167181,,55294150,,,,,,,,
167615,,55290173,,,,,,,,
168707,,55294152,,,,,,,,
167524,,55291440,,,410-396-0646,,,Main,,
167148,,55294154,,,,,,,,
367690,,55294156,,,,,,,,
167922,,55294158,,,,,,,,
167040,,55294164,,,,,,,,
168443,,55294160,,,,,,,,
167715,,55294168,,,,,,,,
21272107,,55294170,,,,,,,,
168257,,55294172,,,,,,,,
167784,,55294174,,,,,,,,
167452,,55294178,,,,,,,,
166961,,55294176,,,,,,,,
167482,,55294180,,,,,,,,
374389,,55294182,,,,,,,,
167287,,55290176,,,,,,,,
40202590,,55294188,,,,,,,,
40202590,,55294186,,,,,,,,
168071,,55294192,,,,,,,,
168861,,55294194,,,,,,,,
167494,,55294204,,,410-328-2207,,,Main,,
167827,,55294202,,,,,,,,
167827,,55294200,,,,,,,,
167827,,55294196,,,,,,,,
167827,,55294206,,,,,,,,
167097,,55294208,,,,,,,,
167442,,55294210,,,,,,,,
167039,,55294214,,,,,,,,
201621,,55290180,,,,,,,,
167054,,55290183,,,,,,,,
168017,,55294218,,,,,,,,
3688393,,55294220,,,,,,,,
167261,,55294222,,,,,,,,
167036,,55294224,,,,,,,,
182028,,55294236,,,,,,,,
167148,,55294234,,,,,,,,
167148,,55294232,,,,,,,,
167148,,55294230,,,,,,,,
167148,,55294226,,,,,,,,
167645,,55294238,,,,,,,,
167066,,55294240,,,,,,,,
168352,,55294244,,,,,,,,
167738,,55294246,,,,,,,,
167146,,55294248,,,,,,,,
14884621,,55294250,,,,,,,,
169027,,55294252,,,,,,,,
12832490,,55290189,,,,,,,,
167934,,55294254,,,,,,,,
167148,,55294256,,,,,,,,
168723,,55294258,,,,,,,,
259785,,55290196,,,,,,,,
259785,,55290192,,,,,,,,
259785,,55290201,,,,,,,,
259785,,55290199,,,,,,,,
168359,,55290206,,,,,,,,
167212,,55290209,,,,,,,,
169014,,55294262,,,,,,,,
167563,,55294264,,,,,,,,
168670,,55294266,,,,,,,,
9693853,,55294274,,,,,,,,
167308,,55294276,,,,,,,,
167442,,55294278,,,,,,,,
271284,,55294280,,,,,,,,
168280,,55294282,,,,,,,,
167766,,55294284,,,,,,,,
168448,,55294286,,,,,,,,
167675,,55294292,,,,,,,,
168250,,55294296,,,,,,,,
168601,,55294300,,,,,,,,
167827,,55294306,,,,,,,,
167494,,55294302,,,,,,,,
168213,,55294308,,,,,,,,
167345,,55294310,,,,,,,,
42114823,,55294312,,,,,,,,
168400,,55294318,,,,,,,,
168012,,55290211,,,,,,,,
167766,,55290214,,,,,,,,
167766,,55290219,,,,,,,,
167054,,55290221,,,,,,,,
168728,,55294322,,,,,,,,
167728,,55294324,,,,,,,,
167900,,55294330,,,,,,,,
167900,,55294328,,,,,,,,
168162,,55294334,,,,,,,,
167064,,55294336,,,,,,,,
168126,,55294340,,,,,,,,
168356,,55294344,,,,,,,,
168571,,55294352,,,,,,,,
168484,,55294348,,,,,,,,
168210,,55294356,,,,,,,,
167732,,55294358,,,,,,,,
167244,,55294362,,,,,,,,
168126,,55294364,,,,,,,,
166983,,55294368,,,,,,,,
167148,,55290228,,,,,,,,
167481,,55294374,,,,,,,,
167244,,55294376,,,,,,,,
168155,,55294378,,,,,,,,
168675,,55290230,,,,,,,,
0,,168670,,,410-462-6001,,,Main,,
0,,56406470,,,410-367-7821,,,Main,,
0,,167860,,,410-276-6207,,,Main,,
0,,166961,,,410-889-7915,,,Main,,
167045,,55294388,,,,,,,,
167045,,55294384,,,,,,,,
167045,,55294386,,,,,,,,
167045,,55294382,,,,,,,,
167045,,55294380,,,,,,,,
167400,,55294392,,,,,,,,
167400,,55294390,,,,,,,,
0,,166968,,,410-547-9200,,,Main,,
0,,166955,,,410-247-4898,,,Main,,
0,,168191,,,410-566-5007,,,Main,,
0,,167970,,,410-837-2437,,,Main,,
0,,166957,,,410-576-5070,,,Main,,
0,,56364044,,,,,,,,
616544,,50664348,,,410-486-8650,,,Main,,
616544,,50664361,,,410-486-8650,,,Main,,
0,,166982,,,410-685-6224,,,Main,,
0,,166983,,,410-282-5900,,,Main,,
0,,56662538,,,443-759-8827,,,Main,,
0,,166985,,,410-889-5072,,,Main,,
0,,168585,,,410-625-9675,,,Main,,
0,,166989,,,410-931-6850,,,Main,,
0,,166990,,,410-889-8555,,,Main,,
0,,166992,,,410-685-7074,,,Main,,
0,,168078,,,410-560-2120,,,Main,,
0,,166995,,,410-624-2000,,,Main,,
0,,167003,,,410-566-3300,,,Main,,
57248990,,57249059,,,,,,,,
0,,358099,,,410-522-1181,,,Main,,
0,,3373846,,,410-547-5372,,,Main,,
0,,167470,,,410-539-1591,,,Main,,
167148,,55294394,,,,,,,,
0,,1786020,,,410-366-8886,,,Main,,
0,,167032,,,410-659-0000,,,Main,,
0,,167034,,,410-727-4828,,,Main,,
0,,168079,,,410-484-2054,,,Main,,
0,,31463212,,,443-850-0627,,,Main,,
0,,56363924,,,443-676-7695,,,Main,,
0,,167920,,,410-235-8877,,,Main,,
0,,168707,,,410-486-4573,,,Main,,
0,,358097,,,410-675-3535,,,Main,,
0,,168029,,,410-659-7300,,,Main,,
0,,168257,,,410-986-4000,,,Main,,
0,,168580,,,410-396-6147,,,Main,,
358869,,51228960,,,877-698-8595,,,Main,,
57248990,,57248999,,,,,,,,
48463262,,48482354,,,410-625-5088,,,Main,,
0,,168875,,,410-539-5936,,,Main,,
0,,169144,,,410-333-3722,,,Main,,
0,,167210,,,410-396-4932,,,Main,,
0,,167039,,,410-462-8300,,,Main,,
0,,167953,,,410-396-3100,,,Main,,
0,,167043,,,410-396-4730,,,Main,,
0,,37337784,,,410-396-3310,,,Main,,
0,,167044,,,410-396-7900,,,Main,,
167922,,55294396,,,,,,,,
0,,168048,,,410-396-7414,,,Main,,
0,,168443,,,410-396-4398,,,Main,,
0,,167922,,,410-396-3100,,,Main,,
0,,54843697,,,410-396-7370 ,,,Main,,
0,,167047,,,410-625-0022,,,Main,,
0,,167040,,,410-396-3151,,,Main,,
0,,167048,,,410-396-2525,,,Main,,
0,,167049,,,443-984-2000,,,Main,,
0,,169142,,,410-396-1155,,,Main,,
0,,167050,,,410-396-4000,,,Main,,
0,,166962,,,410-366-1717,,,Main,,
0,,9061262,,,410-244-5565,,,Main,,
0,,167055,,,410-853-3000,,,Main,,
0,,167056,,,410-887-2243,,,Main,,
0,,167057,,,410-887-5917,,,Main,,
0,,167052,,,410-887-0000,,,Main,,
0,,169063,,,410-887-8727,,,Main,,
0,,167062,,,,,,,,
0,,167063,,,410-685-0123,,,Main,,
0,,167042,,,410-396-3237,,,Main,,
0,,168387,,,443-524-0833,,,Main,,
0,,167064,,,443-732-8800,,,Main,,
0,,168444,,,,,,,,
0,,168861,,,410-752-1285,,,Main,,
0,,167066,,,410-426-9992,,,Main,,
0,,38339526,,,410-223-2222,,,Main,,
0,,167069,,,410-342-2533,,,Main,,
0,,167718,,,410-752-4454,,,Main,,
0,,27851383,,,443-598-2821,,,Main,,
0,,203599,,,410-752-2835,,,Main,,
51054427,,55195462,,,410-752-6448,,,Main,,
56683352,,56683382,,,,,,,,
0,,168235,,,410-528-0305,,,Main,,
0,,167072,,,410-585-8810,,,Main,,
0,,167038,,,410-539-5936,,,Main,,
0,,167075,,,410-563-2749,,,Main,,
0,,616571,,,410-644-7640,,,Main,,
0,,168324,,,410-485-8422,,,Main,,
0,,167349,,,410-744-1032,,,Main,,
167813,,55294400,,,,,,,,
0,,167079,,,410- 523-4273,,,Main,,
0,,401426,,,410-466-8298,,,Main,,
0,,167081,,,410-347-3990,,,Main,,
0,,167084,,,410-243-4000,,,Main,,
0,,167091,,,410-338-2642,,,Main,,
0,,167092,,,410-737-2600,,,Main,,
0,,44865489,,,443-671-1414,,,Main,,
0,,167071,,,410-922-2100,,,Main,,
0,,167094,,,410-362-3000,,,Main,,
0,,169047,,,410-662-5631,,,Main,,
0,,168600,,,410-396-7734,,,Main,,
169149,,55294402,,,,,,,,
0,,358869,,,877-698-8595,,,Main,,
0,,167097,,,443-573-2500,,,Main,,
0,,168516,,,410-448-2924,,,Main,,
0,,1739551,,,410-789-3688,,,Main,,
0,,56587933,,,,,,,,
0,,56406474,,,410-467-6600,,,Main,,
0,,168259,,,410-366-6030,,,Main,,
0,,271139,,,410-664-2111,,,Main,,
0,,167123,,,410-563-1177,,,Main,,
0,,10562264,,,410-661-6388,,,Main,,
0,,168162,,,410-563-1303,,,Main,,
0,,167146,,,410-752-6123,,,Main,,
0,,167148,,,667-600-2000,,,Main,,
0,,169023,,,941-375-0229,,,Main,,
0,,168649,,,410-367-5691,,,Main,,
167276,,55294404,,,,,,,,
0,,167164,,,410-464-6194,,,Main,,
0,,167950,,,410-675-8906,,,Main,,
1608504,,52142742,,,410-233-1088,,,Main,,
0,,3009943,,,443-478-3015,,,Main,,
0,,167383,,,410-837-2050,,,Main,,
0,,168943,,,410-396-3004,,,Main,,
0,,167179,,,410-355-4698,,,Main,,
0,,167969,,,410-321-5434,,,Main,,
0,,168431,,,410-367-8520,,,Main,,
0,,167181,,,410-444-3800,,,Main,,
0,,167183,,,410-358-6677,,,Main,,
0,,167185,,,410-837-1010,,,Main,,
0,,167187,,,410-732-5600,,,Main,,
0,,259792,,,410-728-0464,,,Main,,
0,,168675,,,410-668-8089,,,Main,,
0,,167193,,,410-235-5740,,,Main,,
0,,167194,,,410-532-5449,,,Main,,
168989,,55294406,,,,,,,,
0,,168575,,,443-218-2478,,,Main,,
0,,167197,,,410-539-1369,,,Main,,
0,,167198,,,410-383-8040,,,Main,,
0,,168571,,,410-366-8533,,,Main,,
0,,169095,,,410-706-0174,,,Main,,
0,,31463215,,,410-233-1133,,,Main,,
0,,168335,,,410-534-6447,,,Main,,
0,,1830710,,,410-783-2905 ,,,Main,,
0,,167212,,,410-285-4674,,,Main,,
0,,167261,,,443-840-2222,,,Main,,
0,,168656,,,410-889-7400,,,Main,,
0,,167217,,,410-366-0922,,,Main,,
0,,167921,,,410-467-9165,,,Main,,
0,,168360,,,410-500-5300,,,Main,,
0,,55823100,,,667-260-2600,,,Main,,
0,,167223,,,410-367-1117,,,Main,,
167038,,55294408,,,,,,,,
0,,169112,,,410-951-3622,,,Main,,
0,,168186,,,410-951-3000,,,Main,,
0,,167227,,,410-523-4161,,,Main,,
0,,167693,,,410-962-2233,,,Main,,
0,,204007,,,410-276-1651,,,Main,,
0,,168366,,,410-752-6505,,,Main,,
0,,219213,,,410-342-8003,,,Main,,
0,,167243,,,410-789-7446,,,Main,,
0,,616574,,,410-812-2371,,,Main,,
0,,168862,,,410-342-6858,,,Main,,
0,,29057295,,,443-529-5407,,,Main,,
0,,168749,,,410-444-5500,,,Main,,
0,,168361,,,410-578-7190,,,Main,,
0,,169021,,,410-767-5600,,,Main,,
0,,167497,,,410-727-6352,,,Main,,
0,,167247,,,410-230-4440,,,Main,,
0,,168299,,,410-878-8900,,,Main,,
0,,42254217,,,443-722-2566,,,Main,,
0,,168412,,,,,,,,
0,,167249,,,410-675-3288,,,Main,,
0,,168671,,,410-244-1030,,,Main,,
0,,27851469,,,410-589-6670,,,Main,,
0,,168598,,,410-225-3555,,,Main,,
0,,169080,,,410-523-1350,,,Main,,
0,,167260,,,410-284-7081,,,Main,,
0,,167262,,,410-288-4356,,,Main,,
0,,167487,,,410-889-5487,,,Main,,
0,,9693853,,,410-327-0177,,,Main,,
0,,167265,,,410-752-3500,,,Main,,
167212,,55290233,,,,,,,,
0,,167269,,,410-391-6181,,,Main,,
0,,168359,,,410-284-9861,,,Main,,
0,,168752,,,410-783-0190,,,Main,,
0,,167271,,,410-947-1700,,,Main,,
0,,167272,,,410-477-0697,,,Main,,
0,,168493,,,410-563-3160,,,Main,,
0,,167276,,,410-396-5430,,,Main,,
0,,167277,,,410-728-1490,,,Main,,
0,,169035,,,410-366-6200,,,Main,,
0,,9789514,,,410-265-5169,,,Main,,
0,,168046,,,800-669-4000,,,Main,,
0,,168400,,,410-225-3130,,,Main,,
0,,41274411,,,410-945-3596,,,Main,,
0,,42114823,,,443-570-1141 ,,,Main,,
0,,54943247,,,410-426-8177,,,Main,,
0,,35553872,,,410-525-0969,,,Main,,
0,,167287,,,410-366-1980,,,Main,,
0,,167289,,,410-285-4357,,,Main,,
0,,167717,,,410-354-2000,,,Main,,
167055,,55290236,,,,,,,,
0,,168641,,,410-662-5500,,,Main,,
0,,17174779,,,410-605-0492,,,Main,,
0,,167599,,,410-889-2300,,,Main,,
0,,168521,,,410-962-3962,,,Main,,
0,,167297,,,410-327-1181,,,Main,,
0,,401849,,,410-282-4256,,,Main,,
0,,167298,,,410-675-2333,,,Main,,
0,,168223,,,410-523-6787,,,Main,,
0,,166954,,,410-728-8782,,,Main,,
0,,203809,,,443-562-5704,,,Main,,
0,,167304,,,410-233-4357,,,Main,,
0,,167307,,,410-728-4550,,,Main,,
0,,167308,,,410-235-2496,,,Main,,
0,,367693,,,410-522-3223,,,Main,,
0,,10117122,,,410-625-5420 ,,,Main,,
0,,167323,,,410-823-5116,,,Main,,
0,,167327,,,410-235-9080,,,Main,,
0,,168728,,,410-889-4700,,,Main,,
0,,169036,,,410-947-0084,,,Main,,
0,,35281678,,,443-990-1627,,,Main,,
0,,168674,,,443-423-1500,,,Main,,
168443,,55294412,,,,,,,,
0,,167338,,,410-837-5445,,,Main,,
0,,168250,,,410-732-6056,,,Main,,
0,,167341,,,410-358-9711,,,Main,,
0,,167343,,,410-323-9811,,,Main,,
0,,167344,,,410-462-5864,,,Main,,
0,,167345,,,410-837-1800,,,Main,,
0,,167346,,,410-433-2442,,,Main,,
0,,14982140,,,410-435-9188,,,Main,,
0,,167347,,,410-685-5252,,,Main,,
0,,167351,,,410-391-3911,,,Main,,
0,,168474,,,410-727-2820,,,Main,,
0,,167352,,,443-849-2000,,,Main,,
0,,167070,,,410-523-8150,,,Main,,
0,,168428,,,410-483-3700,,,Main,,
0,,168192,,,410-484-9590,,,Main,,
0,,167360,,,410-467-8710,,,Main,,
0,,9219438,,,410-467-4357,,,Main,,
0,,167364,,,410-444-2100,,,Main,,
0,,167365,,,410-426-5650,,,Main,,
0,,167382,,,410-837-5533,,,Main,,
167382,,20152150,,,443-837-5533,,,Main,,
0,,55059188,,,410-669-6340,,,Main,,
168443,,55294414,,,,,,,,
0,,167384,,,410-318-6780,,,Main,,
0,,2967177,,,410-523-1694,,,Main,,
0,,169071,,,410-327-5830,,,Main,,
0,,167390,,,410-675-7500,,,Main,,
30817598,,55294416,,,,,,,,
0,,168402,,,443-524-2800,,,Main,,
0,,167391,,,410-732-3960,,,Main,,
0,,167392,,,410-685-6589,,,Main,,
0,,167394,,,410-243-4419,,,Main,,
0,,9761522,,,410-856-1700,,,Main,,
0,,168877,,,410-576-8880,,,Main,,
0,,167400,,,410-889-0840,,,Main,,
0,,167361,,,410-243-1997,,,Main,,
0,,168485,,,410-728-5174,,,Main,,
0,,56363983,,,,,,,,
0,,167604,,,410-433-8861,,,Main,,
0,,56406537,,,443-444-3848,,,Main,,
0,,616558,,,410-752-6850,,,Main,,
0,,56335644,,,,,,,,
0,,260063,,,410-747-4869,,,Main,,
0,,219399,,,410-433-2200,,,Main,,
0,,203586,,,410-467-3260,,,Main,,
0,,167430,,,410-500-5900,,,Main,,
0,,168098,,,410-466-9200,,,Main,,
0,,182028,,,410-234-8040,,,Main,,
0,,168253,,,410-522-2232,,,Main,,
0,,167433,,,410-383-1525,,,Main,,
168176,,55294422,,,,,,,,
0,,167434,,,410-550-0100,,,Main,,
0,,169010,,,410-955-5000,,,Main,,
0,,168523,,,410-338-3000,,,Main,,
168722,,55294424,,,,,,,,
0,,167435,,,410-955-5000,,,Main,,
167435,,55294426,,,,,,,,
0,,168722,,,410-955-5000,,,Main,,
0,,168356,,,410-955-7548,,,Main,,
0,,167459,,,410-516-8000,,,Main,,
0,,219272,,,443-310-1205,,,Main,,
0,,167438,,,410-732-1275,,,Main,,
0,,168396,,,410-675-6300,,,Main,,
0,,167442,,,443-923-9200,,,Main,,
0,,168077,,,410-752-3800,,,Main,,
0,,167452,,,410-235-8860,,,Main,,
167813,,55294428,,,,,,,,
0,,167460,,,410-466-8700 EX 22204,,,Main,,
0,,167461,,,410-752-6024,,,Main,,
2001145,,55294430,,,,,,,,
2001145,,55294440,,,,,,,,
2001145,,55294438,,,,,,,,
2001145,,55294436,,,,,,,,
2001145,,55294434,,,,,,,,
2001145,,55294432,,,,,,,,
0,,168063,,,410-735-5433,,,Main,,
0,,168508,,,443-524-0220,,,Main,,
0,,374366,,,410-523-4898,,,Main,,
0,,168280,,,410-685-0295,,,Main,,
0,,167471,,,410-558-3625,,,Main,,
0,,1740613,,,410-367-5869,,,Main,,
0,,167473,,,410-617-1200,,,Main,,
0,,174272,,,410-617-2000,,,Main,,
0,,21272107,,,410-230-2700,,,Main,,
0,,167474,,,410-636-0123,,,Main,,
0,,168017,,,410-669-5776,,,Main,,
0,,616562,,,410-837-4292,,,Main,,
0,,36814220,,,410-664-0743,,,Main,,
0,,167478,,,410-889-3001,,,Main,,
0,,167480,,,410-752-7990,,,Main,,
0,,167481,,,410-467-4121,,,Main,,
0,,167482,,,410-444-1640,,,Main,,
168649,,55294442,,,,,,,,
0,,167483,,,410-685-2525,,,Main,,
0,,260072,,,410-585-1900,,,Main,,
0,,168498,,,410-728-0679,,,Main,,
0,,168379,,,410-576-9626,,,Main,,
0,,182563,,,410-367-2768,,,Main,,
0,,167490,,,410-767-8600,,,Main,,
0,,168463,,,410-767-1100,,,Main,,
0,,167915,,,410-767-1184,,,Main,,
0,,167492,,,410-767-6300,,,Main,,
0,,358732,,,410-537-3000,,,Main,,
0,,167494,,,410-767-6860,,,Main,,
0,,167495,,,800-332-6347,,,Main,,
0,,167244,,,410-230-3100,,,Main,,
0,,167496,,,410-230-6020,,,Main,,
0,,167520,,,410-230-4444,,,Main,,
0,,168436,,,410-728-3400,,,Main,,
0,,358719,,,410-537-4000,,,Main,,
0,,167281,,,410-467-1264,,,Main,,
0,,201133,,,410-659-7701,,,Main,,
0,,167498,,,410-737-8282,,,Main,,
0,,167500,,,410-767-3300,,,Main,,
0,,168313,,,410-685-0095,,,Main,,
0,,168140,,,410-468-2081,,,Main,,
0,,167458,,,410-951-7777,,,Main,,
0,,168442,,,410-576-6000,,,Main,,
0,,167506,,,410-230-0630,,,Main,,
0,,167485,,,410-727-6367,,,Main,,
0,,167516,,,410-767-8150,,,Main,,
0,,167585,,,410-576-6300,,,Main,,
0,,167643,,,410-767-8460,,,Main,,
0,,168212,,,410-625-0232,,,Main,,
0,,167509,,,410-444-5000,,,Main,,
0,,167511,,,410-243-2020,,,Main,,
0,,167508,,,410-235-8826,,,Main,,
0,,167513,,,410-767-0100,,,Main,,
0,,167518,,,410-767-8028,,,Main,,
0,,167519,,,410-554-9230,,,Main,,
0,,167521,,,410-547-6537,,,Main,,
167434,,55294444,,,,,,,,
0,,24418029,,,410-342-6858,,,Main,,
0,,167524,,,410-396-3009,,,Main,,
0,,168439,,,410-558-0827,,,Main,,
0,,167941,,,410-539-0872,,,Main,,
0,,168601,,,410-225-5452,,,Main,,
0,,168583,,,410-614-5353,,,Main,,
0,,167532,,,410-332-9000,,,Main,,
0,,367995,,,410-274-4972,,,Main,,
0,,18737560,,,443-759-5791,,,Main,,
0,,167537,,,410-230-4460,,,Main,,
0,,169001,,,443-885-3333,,,Main,,
0,,374398,,,410-325-3080,,,Main,,
0,,39378823,,,410-426-2309,,,Main,,
0,,167552,,,410-233-1400,,,Main,,
0,,168484,,,410-327-3420,,,Main,,
0,,24322688,,,410-245-0520,,,Main,,
0,,56406588,,,410-466-8298,,,Main,,
0,,358851,,,410-945-3575,,,Main,,
0,,56526160,,,,,,,,
0,,167561,,,410-644-3194,,,Main,,
0,,12689149,,,443-759-3355,,,Main,,
0,,167563,,,410-580-5777,,,Main,,
0,,167068,,,410-566-4022,,,Main,,
0,,168679,,,410-328-8444,,,Main,,
0,,167566,,,410-659-9314,,,Main,,
0,,56406541,,,410-744-8100,,,Main,,
0,,168626,,,410-837-2258,,,Main,,
0,,167574,,,410-233-9686,,,Main,,
0,,167163,,,410-327-1200,,,Main,,
0,,166972,,,410-542-0445,,,Main,,
0,,168736,,,410-889-7040,,,Main,,
0,,167577,,,410-488-5653,,,Main,,
168241,,51349267,,,443-500-5004,,,Main,,
0,,168241,,,410-675-2113,,,Main,,
0,,260007,,,410-225-3919,,,Main,,
0,,167102,,,410-669-6083,,,Main,,
0,,3171543,,,410-945-3000,,,Main,,
0,,167578,,,410-523-5306,,,Main,,
0,,168355,,,410-728-2093,,,Main,,
0,,368000,,,410-466-8558,,,Main,,
0,,219426,,,410-243-2481,,,Main,,
0,,168676,,,410-728-2227,,,Main,,
0,,169051,,,443-885-3934,,,Main,,
0,,26878053,,,410-433-8854,,,Main,,
0,,167882,,,410-767-5242,,,Main,,
12689149,,55294452,,,,,,,,
0,,168362,,,410-685-0330,,,Main,,
0,,38359492,,,410-566-3779,,,Main,,
0,,169074,,,410-233-6200,,,Main,,
0,,203844,,,410-947-0275,,,Main,,
0,,203791,,,410-319-6095,,,Main,,
0,,17175009,,,410-664-4890,,,Main,,
0,,167601,,,410-542-7800,,,Main,,
0,,1741086,,,410-448-5663,,,Main,,
0,,169052,,,410-355-6188,,,Main,,
0,,168448,,,443-325-4264,,,Main,,
0,,167923,,,410-625-0775,,,Main,,
0,,167605,,,410-462-3800,,,Main,,
0,,3629791,,,410-323-0202,,,Main,,
0,,168751,,,410-366-4299,,,Main,,
0,,167608,,,410-945-7923,,,Main,,
0,,167610,,,410-945-0445,,,Main,,
0,,168682,,,410-256-6479,,,Main,,
0,,168538,,,410-828-7654,,,Main,,
0,,168085,,,410- 576-1400,,,Main,,
168051,,55290240,,,,,,,,
203459,,55294456,,,,,,,,
616574,,55294458,,,,,,,,
167063,,55294462,,,,,,,,
167513,,55294464,,,,,,,,
167595,,55294466,,,,,,,,
167969,,55294468,,,,,,,,
367995,,55294470,,,,,,,,
167948,,55294472,,,,,,,,
167289,,55294476,,,,,,,,
167055,,55290244,,,,,,,,
0,,374389,,,410-534-8735,,,Main,,
0,,56460361,,,410-878-6404,,,Main,,
0,,168394,,,410-276-1773,,,Main,,
0,,167615,,,410-377-2871,,,Main,,
0,,167616,,,410-788-4433,,,Main,,
0,,168455,,,410-385-0900,,,Main,,
0,,12277601,,,410-342-7554,,,Main,,
0,,168628,,,410-825-1001,,,Main,,
0,,167512,,,410-837-9379,,,Main,,
0,,1830797,,,410 371-6080,,,Main,,
0,,167639,,,410-837-1400,,,Main,,
0,,2001145,,,410-336-9118,,,Main,,
0,,168435,,,410-523-1500,,,Main,,
0,,167641,,,410-523-7000,,,Main,,
0,,167644,,,410-625-9409,,,Main,,
0,,167657,,,410-779-4969,,,Main,,
0,,168382,,,410-225-7888,,,Main,,
0,,167659,,,410-661-9428,,,Main,,
0,,168328,,,800-473-4229,,,Main,,
0,,204262,,,443-759-9706,,,Main,,
0,,168653,,,410-576-9191,,,Main,,
0,,1110733,,,410-235-6633,,,Main,,
0,,167672,,,410-528-1010,,,Main,,
0,,28766236,,,443-453-8181 ,,,Main,,
167148,,55290247,,,,,,,,
0,,168883,,,410-922-4357,,,Main,,
0,,167675,,,410-783-2920,,,Main,,
0,,167531,,,410-669-0220,,,Main,,
0,,12830652,,,410-728-0652,,,Main,,
0,,167690,,,410-889-2637,,,Main,,
0,,168418,,,410-323-7131,,,Main,,
0,,169066,,,410-332-1199,,,Main,,
0,,168616,,,410-246-7499,,,Main,,
0,,167699,,,410-467-7140,,,Main,,
0,,167702,,,410-938-3000,,,Main,,
0,,167705,,,410-601-9000,,,Main,,
0,,168210,,,410-383-1903,,,Main,,
0,,168176,,,443-451-7160,,,Main,,
0,,20161155,,,410-285-0080,,,Main,,
0,,167715,,,410-752-2475,,,Main,,
0,,167975,,,410-625-4215,,,Main,,
0,,169084,,,410-342-3234,,,Main,,
0,,30817598,,,443-208-7401,,,Main,,
167054,,55939595,,,,,,,,
0,,167723,,,410-247-8154,,,Main,,
0,,168062,,,410-242-1515,,,Main,,
0,,167724,,,410-279-1049,,,Main,,
0,,167728,,,667-234-6000,,,Main,,
0,,167729,,,410-366-8550,,,Main,,
0,,53488803,,,410-488-0400,,,Main,,
0,,167731,,,410-624-3600,,,Main,,
0,,11920917,,,410-686-6188,,,Main,,
0,,167732,,,410-362-2000,,,Main,,
0,,167733,,,410-675-8260,,,Main,,
0,,167735,,,410-669-2612,,,Main,,
0,,167736,,,410-727-3103,,,Main,,
0,,167737,,,410-523-0061,,,Main,,
0,,167738,,,410-727-3848,,,Main,,
0,,26115871,,,443-885-9472,,,Main,,
0,,167739,,,410-355-7295,,,Main,,
0,,40202590,,,410-444-5171,,,Main,,
0,,6941139,,,410-366-3106,,,Main,,
0,,39970361,,,410-426-2966,,,Main,,
0,,167758,,,410-355-4860,,,Main,,
0,,259785,,,410-288-0537,,,Main,,
0,,167762,,,410-685-7340,,,Main,,
0,,167763,,,410-665-7300,,,Main,,
0,,167766,,,410-662-0500,,,Main,,
0,,167663,,,410-675-3320,,,Main,,
0,,56406466,,,410-744-5200,,,Main,,
0,,167353,,,410-261-3524,,,Main,,
0,,169061,,,212-204-1337,,,Main,,
0,,168886,,,410-276-4050,,,Main,,
0,,168989,,,410-366-7310,,,Main,,
0,,168715,,,410-299-2016,,,Main,,
0,,271284,,,410-462-3010,,,Main,,
0,,56363993,,,123-456-7890,,,Main,,
0,,168881,,,443-923-5900,,,Main,,
169010,,55294484,,,,,,,,
3009943,,55294486,,,,,,,,
167276,,55294488,,,,,,,,
167487,,55294490,,,,,,,,
168155,,55294492,,,,,,,,
0,,56481593,,,410-366-1151,,,Main,,
0,,56406505,,,443-872-2230,,,Main,,
0,,167784,,,410-383-8300,,,Main,,
0,,515126,,,(410) 895-1454,,,Main,,
0,,38359495,,,410-539-1406,,,Main,,
0,,167774,,,410-366-2123,,,Main,,
0,,167791,,,410-728-0797,,,Main,,
0,,168425,,,410-448-1215,,,Main,,
0,,167792,,,410-462-5443,,,Main,,
0,,167645,,,410-233-0684,,,Main,,
0,,167934,,,410-880-2439,,,Main,,
0,,167809,,,410-962-6195,,,Main,,
0,,167706,,,410-965-8882,,,Main,,
0,,8892260,,,410-964-0202 EX 107,,,Main,,
0,,1830800,,,410-728-3600,,,Main,,
182028,,55290250,,,,,,,,
0,,168401,,,410-522-0225,,,Main,,
0,,167813,,,410-547-8000,,,Main,,
0,,167823,,,410-752-5525,,,Main,,
0,,182559,,,410-837-4200,,,Main,,
0,,167825,,,410-837-4468,,,Main,,
0,,168155,,,410-455-1000,,,Main,,
0,,167824,,,410-706-7825,,,Main,,
0,,167827,,,410-328-6732,,,Main,,
0,,168747,,,410-706-2041,,,Main,,
168747,,55294494,,,,,,,,
0,,168352,,,410-706-3100,,,Main,,
0,,167828,,,410-706-7650,,,Main,,
0,,169149,,,410-706-7922,,,Main,,
0,,2698485,,,410-366-5780,,,Main,,
0,,168337,,,410-675-7765,,,Main,,
0,,168683,,,410-242-9674,,,Main,,
0,,167833,,,410-230-4480,,,Main,,
0,,168640,,,410-444-0461,,,Main,,
0,,203444,,,410-235-2210,,,Main,,
0,,167150,,,410-233-0488,,,Main,,
0,,167839,,,410-554-9134,,,Main,,
0,,168071,,,410-594-2600,,,Main,,
167804,,23968893,,,800-906-9887,,,Main,,
167804,,24269369,,,800-906-9887,,,Main,,
167697,,55290254,,,,,,,,
0,,1740990,,,410-547-9000,,,Main,,
0,,167856,,,410-675-2640,,,Main,,
0,,167859,,,410-664-2774,,,Main,,
0,,167802,,,410-837-0180,,,Main,,
0,,167865,,,410-947-1863,,,Main,,
0,,168723,,,410-661-2900,,,Main,,
0,,29426582,,,410-578-8003,,,Main,,
0,,168581,,,410-947-0700,,,Main,,
0,,167879,,,410-532-2476,,,Main,,
0,,167880,,,410-235-5782,,,Main,,
0,,167883,,,410-433-1000,,,Main,,
0,,168011,,,410-864-5100,,,Main,,
0,,367690,,,443-451-1900,,,Main,,
0,,167503,,,410-576-0022,,,Main,,
0,,167900,,,443-322-9622,,,Main,,
0,,212342,,,410-367-0776,,,Main,,
0,,168399,,,410-576-9551,,,Main,,
0,,9693892,,,410-235-7744,,,Main,,
0,,204343,,,443-759-6700,,,Main,,
0,,167902,,,410-685-1460,,,Main,,
0,,167904,,,410-837-4181,,,Main,,
,,,,,,,,,,
,,,,,,,,,,
,,,,,,,,,,
,,,,,,,,,,
,,,,,,,,,,
,,,,,,,,,,
,,,,,,,,,,
,,,,,,,,,,
,,,,,,,,,,
,,,,,,,,,,
,,,,,,,,,,
,,,,,,,,,,
,,,,,,,,,,
,,,,,,,,,,
,,,,,,,,,,
,,,,,,,,,,
,,,,,,,,,,
,,,,,,,,,,
,,,,,,,,,,
,,,,,,,,,,
,,,,,,,,,,
,,,,,,,,,,
,,,,,,,,,,
,,,,,,,,,,
,,,,,,,,,,
,,,,,,,,,,
,,,,,,,,,,
,,,,,,,,,,
,,,,,,,,,,
,,,,,,,,,,
,,,,,,,,,,
,,,,,,,,,,
,,,,,,,,,,
,,,,,,,,,,
,,,,,,,,,,
,,,,,,,,,,
,,,,,,,,,,
,,,,,,,,,,
,,,,,,,,,,
,,,,,,,,,,
,,,,,,,,,,
,,,,,,,,,,
,,,,,,,,,,
,,,,,,,,,,
,,,,,,,,,,
,,,,,,,,,,
,,,,,,,,,,
,,,,,,,,,,
,,,,,,,,,,
,,,,,,,,,,
,,,,,,,,,,
,,,,,,,,,,
,,,,,,,,,,
,,,,,,,,,,
,,,,,,,,,,
,,,,,,,,,,
,,,,,,,,,,
,,,,,,,,,,
,,,,,,,,,,
,,,,,,,,,,
,,,,,,,,,,
,,,,,,,,,,
,,,,,,,,,,
,,,,,,,,,,
,,,,,,,,,,
,,,,,,,,,,
,,,,,,,,,,
,,,,,,,,,,
,,,,,,,,,,
,,,,,,,,,,
,,,,,,,,,,
,,,,,,,,,,
,,,,,,,,,,
,,,,,,,,,,
,,,,,,,,,,
,,,,,,,,,,
,,,,,,,,,,
,,,,,,,,,,
,,,,,,,,,,
,,,,,,,,,,
,,,,,,,,,,
,,,,,,,,,,
,,,,,,,,,,
,,,,,,,,,,
,,,,,,,,,,
,,,,,,,,,,
,,,,,,,,,,
,,,,,,,,,,
,,,,,,,,,,
,,,,,,,,,,
,,,,,,,,,,
,,,,,,,,,,
,,,,,,,,,,
,,,,,,,,,,
,,,,,,,,,,
,,,,,,,,,,
,,,,,,,,,,
,,,,,,,,,,
,,,,,,,,,,
,,,,,,,,,,
,,,,,,,,,,
,,,,,,,,,,
,,,,,,,,,,
,,,,,,,,,,
,,,,,,,,,,
,,,,,,,,,,
,,,,,,,,,,
,,,,,,,,,,
,,,,,,,,,,
,,,,,,,,,,
,,,,,,,,,,
,,,,,,,,,,
,,,,,,,,,,
,,,,,,,,,,
,,,,,,,,,,
,,,,,,,,,,
,,,,,,,,,,
,,,,,,,,,,
,,,,,,,,,,
,,,,,,,,,,
,,,,,,,,,,
,,,,,,,,,,
,,,,,,,,,,
,,,,,,,,,,
,,,,,,,,,,
,,,,,,,,,,
,,,,,,,,,,
,,,,,,,,,,
,,,,,,,,,,
,,,,,,,,,,
,,,,,,,,,,
,,,,,,,,,,
,,,,,,,,,,
,,,,,,,,,,
,,,,,,,,,,
,,,,,,,,,,
,,,,,,,,,,
,,,,,,,,,,
,,,,,,,,,,
,,,,,,,,,,
,,,,,,,,,,
,,,,,,,,,,
,,,,,,,,,,
,,,,,,,,,,
,,,,,,,,,,
,,,,,,,,,,
,,,,,,,,,,
,,,,,,,,,,
,,,,,,,,,,
,,,,,,,,,,
,,,,,,,,,,
,,,,,,,,,,
,,,,,,,,,,
,,,,,,,,,,
,,,,,,,,,,
,,,,,,,,,,
,,,,,,,,,,
,,,,,,,,,,
,,,,,,,,,,
,,,,,,,,,,
,,,,,,,,,,
,,,,,,,,,,
,,,,,,,,,,
,,,,,,,,,,
,,,,,,,,,,
,,,,,,,,,,
,,,,,,,,,,
,,,,,,,,,,
,,,,,,,,,,
,,,,,,,,,,
,,,,,,,,,,
,,,,,,,,,,
,,,,,,,,,,
,,,,,,,,,,
,,,,,,,,,,
,,,,,,,,,,
,,,,,,,,,,
,,,,,,,,,,
,,,,,,,,,,
,,,,,,,,,,
,,,,,,,,,,
,,,,,,,,,,
,,,,,,,,,,
,,,,,,,,,,
,,,,,,,,,,
,,,,,,,,,,
,,,,,,,,,,
,,,,,,,,,,
,,,,,,,,,,
,,,,,,,,,,
,,,,,,,,,,
,,,,,,,,,,
,,,,,,,,,,
,,,,,,,,,,
,,,,,,,,,,
,,,,,,,,,,
,,,,,,,,,,
,,,,,,,,,,
,,,,,,,,,,
,,,,,,,,,,
,,,,,,,,,,
,,,,,,,,,,
,,,,,,,,,,
,,,,,,,,,,
,,,,,,,,,,
,,,,,,,,,,
,,,,,,,,,,
,,,,,,,,,,
,,,,,,,,,,
,,,,,,,,,,
,,,,,,,,,,
,,,,,,,,,,
,,,,,,,,,,
,,,,,,,,,,
,,,,,,,,,,
,,,,,,,,,,
,,,,,,,,,,
,,,,,,,,,,
,,,,,,,,,,
,,,,,,,,,,
,,,,,,,,,,
,,,,,,,,,,
,,,,,,,,,,
,,,,,,,,,,
,,,,,,,,,,
,,,,,,,,,,
,,,,,,,,,,
,,,,,,,,,,
,,,,,,,,,,
,,,,,,,,,,
,,,,,,,,,,
,,,,,,,,,,
,,,,,,,,,,
,,,,,,,,,,
,,,,,,,,,,
,,,,,,,,,,
,,,,,,,,,,
,,,,,,,,,,
,,,,,,,,,,
,,,,,,,,,,
,,,,,,,,,,
,,,,,,,,,,
,,,,,,,,,,
,,,,,,,,,,
,,,,,,,,,,
,,,,,,,,,,
,,,,,,,,,,
,,,,,,,,,,
,,,,,,,,,,
,,,,,,,,,,
,,,,,,,,,,
,,,,,,,,,,
,,,,,,,,,,
,,,,,,,,,,
,,,,,,,,,,
,,,,,,,,,,
,,,,,,,,,,
,,,,,,,,,,
,,,,,,,,,,
,,,,,,,,,,
,,,,,,,,,,
,,,,,,,,,,
,,,,,,,,,,
,,,,,,,,,,
,,,,,,,,,,
,,,,,,,,,,
,,,,,,,,,,
,,,,,,,,,,
,,,,,,,,,,
,,,,,,,,,,
,,,,,,,,,,
,,,,,,,,,,